{
    "bus": {
        "refined_waypoints": [
            [
                -20.7633019896077,
                5.128733708049259
            ],
            [
                -108.00188700240527,
                54.01052259680508
            ],
            [
                -196.1128578653308,
                103.38112937444846
            ],
            [
                -249.07655426362794,
                133.06720696952
            ],
            [
                -298.8280234131636,
                44.134841341026835
            ],
            [
                -347.3435060242118,
                -43.56976677805743
            ],
            [
                -364.47977451597615,
                -74.6165064113311
            ],
            [
                -275.25485315491744,
                -124.00257039437321
            ],
            [
                -186.78686628545555,
                -172.7305428461869
            ],
            [
                -167.75101896705237,
                -183.2120633443518
            ],
            [
                -124.63289050461594,
                -206.9585318894054
            ],
            [
                -74.10434117469157,
                -118.36472404943387
            ],
            [
                -46.64918970440753,
                -71.02626418411765
            ],
            [
                42.1049847734765,
                -119.49187080540645
            ],
            [
                129.51013686461596,
                -168.3976503292269
            ],
            [
                207.72276014704678,
                -211.93595175574455
            ]
        ],
        "stop_indices": [
            0,
            9,
            15
        ],
        "stops": {
            "West 33rd Street Bus Stop": {
                "position": [
                    -21.863142239604706,
                    3.1658655452613136
                ],
                "target_rad": 1.0600621214984063
            },
            "West 30th Street Bus Stop": {
                "position": [
                    -164.61506034391584,
                    -177.51857904087157
                ],
                "target_rad": -2.0742518450169194
            },
            "West 32nd Street Bus Stop": {
                "position": [
                    208.81712440140075,
                    -209.97002528743698
                ],
                "target_rad": -2.078742912675693
            }
        },
        "start_time": "06:00:00",
        "end_time": "22:00:00",
        "forward_speed": 10,
        "rotation_speed": 360,
        "frequency": 15,
        "travel_time": {
            "0->1": 11.000000000000002,
            "1->2": 11.099999999999998,
            "2->3": 7.071586562959967,
            "3->4": 11.190276904391355,
            "4->5": 11.022898951054563,
            "5->6": 4.546197596973583,
            "6->7": 11.198073302160676,
            "7->8": 11.099999999999998,
            "8->9": 3.17307559712728,
            "9->10": 5.922466628088392,
            "10->11": 11.199018131649929,
            "11->12": 6.472399039430874,
            "12->13": 11.112476705743353,
            "13->14": 11.015705608147515,
            "14->15": 9.95142342414085,
            "15->14": 9.95142342414085,
            "14->13": 11.015705608147515,
            "13->12": 11.112476705743353,
            "12->11": 6.472399039430874,
            "11->10": 11.199018131649929,
            "10->9": 5.922466628088392,
            "9->8": 3.17307559712728,
            "8->7": 11.099999999999998,
            "7->6": 11.198073302160676,
            "6->5": 4.546197596973583,
            "5->4": 11.022898951054563,
            "4->3": 11.190276904391355,
            "3->2": 7.071586562959967,
            "2->1": 11.099999999999998,
            "1->0": 11.000000000000002,
            "0->9": 81.40210891466742,
            "9->15": 55.673489537200915,
            "15->9": 55.673489537200915,
            "9->0": 81.40210891466742
        },
        "schedule": {
            "To West 32nd Street": [
                {
                    "stop_name": "West 33rd Street Bus Stop",
                    "frequency": 15,
                    "first_bus": "06:00",
                    "last_bus": "22:00"
                },
                {
                    "stop_name": "West 30th Street Bus Stop",
                    "frequency": 15,
                    "first_bus": "06:01",
                    "last_bus": "22:01"
                },
                {
                    "stop_name": "West 32nd Street Bus Stop",
                    "frequency": 15,
                    "first_bus": "06:03",
                    "last_bus": "22:03"
                }
            ],
            "To West 33rd Street": [
                {
                    "stop_name": "West 32nd Street Bus Stop",
                    "frequency": 15,
                    "first_bus": "06:03",
                    "last_bus": "22:03"
                },
                {
                    "stop_name": "West 30th Street Bus Stop",
                    "frequency": 15,
                    "first_bus": "06:04",
                    "last_bus": "22:04"
                },
                {
                    "stop_name": "West 33rd Street Bus Stop",
                    "frequency": 15,
                    "first_bus": "06:06",
                    "last_bus": "22:06"
                }
            ]
        }
    },
    "bicycle": {
        "stations": {
            "Bicycle Sharing Station 1": [
                78.04482205789564,
                -149.51055936875215
            ],
            "Bicycle Sharing Station 2": [
                -184.09744629704446,
                -88.75683696354766
            ],
            "Bicycle Sharing Station 3": [
                166.06543909251093,
                -11.633172081622893
            ],
            "Bicycle Sharing Station 4": [
                -142.17263687851377,
                180.79953000430368
            ],
            "Bicycle Sharing Station 5": [
                -64.68121964625644,
                -129.33286547358568
            ],
            "Bicycle Sharing Station 6": [
                -210.83448137085242,
                -237.86099832166857
            ]
        }
    }
}