{
    "name": "accomodation-1",
    "type": "glb",
    "width": 6,
    "height": 8,
    "left": -1.5,
    "top": -4.0,
    "objects": [
        {
            "name": "bed-0",
            "scale": 0.7896778929179477,
            "pos": [
                3.376851534498989,
                2.600340505159037,
                -5.409293566402391e-06
            ],
            "center": [
                3.38,
                2.6,
                0.5430063535866227,
                0.5300121600000001
            ],
            "euler": [
                0,
                0,
                60
            ],
            "filename": "e21e4188d2334babb7540fc75cfef22f/mesh/e21e4188d2334babb7540fc75cfef22f.obj"
        },
        {
            "name": "bookshelf-0",
            "scale": 1.1612774332505293,
            "pos": [
                3.380000000000001,
                5.460000011612775,
                1.1612774261928994e-08
            ],
            "center": [
                3.380000000000001,
                5.46,
                0.8764093497009208,
                0.869044525
            ],
            "euler": [
                0,
                0,
                180
            ],
            "filename": "57189e2947d84b17b5b0722d819d8060/mesh/57189e2947d84b17b5b0722d819d8060.obj"
        },
        {
            "name": "wardrobe-0",
            "scale": 1.0951416422323843,
            "pos": [
                5.320098190399642,
                4.680057095209517,
                -0.0
            ],
            "center": [
                5.319999999999999,
                4.68,
                0.8549663323766516,
                0.87141632
            ],
            "euler": [
                0,
                0,
                270
            ],
            "filename": "3fb45c7de11d4136bf6e11014f2daa9b/mesh/3fb45c7de11d4136bf6e11014f2daa9b.obj"
        },
        {
            "name": "desk-0",
            "scale": 1.0824485281293488,
            "pos": [
                3.1200000000000006,
                4.420000027061214,
                6.494691165357574e-08
            ],
            "center": [
                3.1200000000000006,
                4.420000000000001,
                0.4048450935977482,
                0.39715891999999997
            ],
            "euler": [
                0,
                0,
                0
            ],
            "filename": "a2d4fda0667e44b3bf017cfaaa154a71/mesh/a2d4fda0667e44b3bf017cfaaa154a71.obj"
        },
        {
            "name": "chair-0",
            "scale": 0.9542493867679976,
            "pos": [
                1.5594385482883069,
                3.3789528973766525,
                -0.0
            ],
            "center": [
                1.5599999999999996,
                3.38,
                0.5534107685089111,
                0.549748125
            ],
            "euler": [
                0,
                0,
                240
            ],
            "filename": "0d28b5cefd684fdcb702b0a519bcd6ce/mesh/0d28b5cefd684fdcb702b0a519bcd6ce.obj"
        },
        {
            "name": "lamp-0",
            "scale": 1.2300490738227055,
            "pos": [
                2.341513686089756,
                5.981488322477854,
                -0.0005290933086140589
            ],
            "center": [
                2.3400000000000007,
                5.98,
                0.6638214232054074,
                0.66124799
            ],
            "euler": [
                0,
                0,
                90
            ],
            "filename": "ca070a826ee3441799d8fe438d6e1aac/mesh/ca070a826ee3441799d8fe438d6e1aac.obj"
        },
        {
            "name": "basket-0",
            "scale": 1.3078450121155598,
            "pos": [
                1.0405641127890757,
                4.159985025174611,
                -0.000261464374822169
            ],
            "center": [
                1.0399999999999998,
                4.159999999999999,
                0.3596564890390419,
                0.357660035
            ],
            "euler": [
                0,
                0,
                90
            ],
            "filename": "ef9c4eab37d842038a39e958de4baba7/mesh/ef9c4eab37d842038a39e958de4baba7.obj"
        },
        {
            "name": "chair-1",
            "scale": 1.0758633411885854,
            "pos": [
                0.7679416483615245,
                5.20041459469716,
                5.843013805983462e-05
            ],
            "center": [
                0.78,
                5.2,
                0.6696977880265976,
                0.6689243199999999
            ],
            "euler": [
                0,
                0,
                240
            ],
            "filename": "87f8829858254b08beb633e4e687713a/mesh/87f8829858254b08beb633e4e687713a.obj"
        },
        {
            "name": "floor lamp-0",
            "scale": 1.2578959563413787,
            "pos": [
                1.5610532677316435,
                6.239495829011219,
                0.000954566925429114
            ],
            "center": [
                1.56,
                6.24,
                0.7131584056819785,
                0.709542355
            ],
            "euler": [
                0,
                0,
                180
            ],
            "filename": "a531156cab3e4d86a0385ffc0c0adab6/mesh/a531156cab3e4d86a0385ffc0c0adab6.obj"
        },
        {
            "name": "water",
            "scale": 1,
            "pos": [
                2.756540807898278,
                4.230936619424542,
                0.83474918198519
            ],
            "center": [
                2.756540802898278,
                4.230936619424542,
                0.93741739698519
            ],
            "euler": [
                0,
                0,
                0
            ],
            "filename": "08c963100b6b466f9613c61925284f4c/mesh/08c963100b6b466f9613c61925284f4c.obj"
        },
        {
            "name": "two teacups",
            "scale": 1,
            "pos": [
                2.584065219961555,
                4.379255661553794,
                0.83479370198519
            ],
            "center": [
                2.584073704961555,
                4.3792591915537935,
                0.88293695198519
            ],
            "euler": [
                0,
                0,
                0
            ],
            "filename": "f88d699057cc43f88352c7c6943cfbde/mesh/f88d699057cc43f88352c7c6943cfbde.obj"
        },
        {
            "name": "juice",
            "scale": 1,
            "pos": [
                3.2861832767542456,
                4.203100664950912,
                0.8347651719851901
            ],
            "center": [
                3.2859858567542455,
                4.2031047699509125,
                0.93236999198519
            ],
            "euler": [
                0,
                0,
                0
            ],
            "filename": "4a0987f23c9a4b9099c63d39dd061ab4/mesh/4a0987f23c9a4b9099c63d39dd061ab4.obj"
        },
        {
            "name": "glasses",
            "scale": 1,
            "pos": [
                2.848203461583088,
                4.686689168181723,
                0.83593635198519
            ],
            "center": [
                2.848355566583088,
                4.686553023181723,
                0.86583948198519
            ],
            "euler": [
                0,
                0,
                0
            ],
            "filename": "64d55cb8c3e84f4f8f4cff206e74ac25/mesh/64d55cb8c3e84f4f8f4cff206e74ac25.obj"
        },
        {
            "name": "broccoli",
            "scale": 1,
            "pos": [
                2.987254793983097,
                4.129966476448502,
                0.83480210198519
            ],