{
    "bus": {
        "refined_waypoints": [
            [
                161.48711333019017,
                -28.55788263127701
            ],
            [
                262.48481263372486,
                -27.876167593458568
            ],
            [
                286.22028394149874,
                -27.709941485864565
            ],
            [
                286.370410124569,
                -102.3802738115155
            ],
            [
                198.36247857112815,
                -153.68965319310539
            ],
            [
                181.0430141587956,
                -163.53513027401087
            ],
            [
                114.61317523995848,
                -200.52717746910898
            ],
            [
                60.63464327745202,
                -114.41582580925933
            ],
            [
                22.063743110233357,
                -56.13268416654829
            ],
            [
                -64.97413112526695,
                -107.68610306247513
            ],
            [
                -84.54813873627359,
                -119.42947289047495
            ],
            [
                -138.11496772368756,
                -29.033889717830988
            ],
            [
                -153.53391916480655,
                1.4491629218115403
            ],
            [
                -224.16514494725692,
                1.5828026362489376
            ],
            [
                -223.21756745179707,
                103.1624417756746
            ],
            [
                -223.15600811310907,
                203.1624228279119
            ],
            [
                -223.14865428705474,
                215.10833520719538
            ]
        ],
        "stop_indices": [
            0,
            10,
            16
        ],
        "stops": {
            "Cadillac Square Bus Stop": {
                "position": [
                    161.4483028206114,
                    -22.808013611521325
                ],
                "target_rad": -1.5640466217041311
            },
            "Shelby Street Bus Stop": {
                "position": [
                    -86.86399316235591,
                    -115.57112890928369
                ],
                "target_rad": -1.0302152296250702
            },
            "Washington Boulevard Bus Stop": {
                "position": [
                    -227.14865352914424,
                    215.1107975807429
                ],
                "target_rad": -0.0006155934257629443
            }
        },
        "start_time": "06:00:00",
        "end_time": "22:00:00",
        "forward_speed": 10,
        "rotation_speed": 360,
        "frequency": 15,
        "travel_time": {
            "0->1": 11.1,
            "1->2": 3.373605336447074,
            "2->3": 8.467048324133167,
            "3->4": 11.187270698690131,
            "4->5": 2.9922280654601003,
            "5->6": 8.603509094140028,
            "6->7": 11.16309342548499,
            "7->8": 7.9890192011854335,
            "8->9": 11.116000470192592,
            "9->10": 3.282648700244789,
            "10->11": 11.507505234302407,
            "11->12": 4.4160804466153945,
            "12->13": 8.063135221064904,
            "13->14": 11.158405874351466,
            "14->15": 11.000000000000002,
            "15->16": 2.194591464276703,
            "16->15": 2.194591464276703,
            "15->14": 11.000000000000002,
            "14->13": 11.158405874351466,
            "13->12": 8.063135221064904,
            "12->11": 4.4160804466153945,
            "11->10": 11.507505234302407,
            "10->9": 3.282648700244789,
            "9->8": 11.116000470192592,
            "8->7": 7.9890192011854335,
            "7->6": 11.16309342548499,
            "6->5": 8.603509094140028,
            "5->4": 2.9922280654601003,
            "4->3": 11.187270698690131,
            "3->2": 8.467048324133167,
            "2->1": 3.373605336447074,
            "1->0": 11.1,
            "0->10": 79.2744233159783,
            "10->16": 48.33971824061088,
            "16->10": 48.33971824061088,
            "10->0": 79.27442331597828
        },
        "schedule": {
            "To Washington Boulevard": [
                {
                    "stop_name": "Cadillac Square Bus Stop",
                    "frequency": 15,
                    "first_bus": "06:00",
                    "last_bus": "22:00"
                },
                {
                    "stop_name": "Shelby Street Bus Stop",
                    "frequency": 15,
                    "first_bus": "06:01",
                    "last_bus": "22:01"
                },
                {
                    "stop_name": "Washington Boulevard Bus Stop",
                    "frequency": 15,
                    "first_bus": "06:03",
                    "last_bus": "22:03"
                }
            ],
            "To Cadillac Square": [
                {
                    "stop_name": "Washington Boulevard Bus Stop",
                    "frequency": 15,
                    "first_bus": "06:03",
                    "last_bus": "22:03"
                },
                {
                    "stop_name": "Shelby Street Bus Stop",
                    "frequency": 15,
                    "first_bus": "06:04",
                    "last_bus": "22:04"
                },
                {
                    "stop_name": "Cadillac Square Bus Stop",
                    "frequency": 15,
                    "first_bus": "06:06",
                    "last_bus": "22:06"
                }
            ]
        }
    },
    "bicycle": {
        "stations": {
            "Bicycle Sharing Station 1": [
                84.45736775052188,
                171.781173660121
            ],
            "Bicycle Sharing Station 2": [
                -108.023841044584,
                -11.773207132607133
            ],
            "Bicycle Sharing Station 3": [
                -235.7681507700008,
                -220.24129204678292
            ],
            "Bicycle Sharing Station 4": [
                -24.2629832013028,
                189.9705379110076
            ],
            "Bicycle Sharing Station 5": [
                -9.397046064414717,
                -234.05763460544557
            ],
            "Bicycle Sharing Station 6": [
                -165.8144108188955,
                215.07522290123595
            ]
        }
    }
}